A*01:01:01G,C,913 (1.742)
A*02:01:01G,C,8339 (15.913)
A*02:01:02a,R,2 (0.004)
A*02:01:09a,R,1 (0.002)
A*02:01:18a,R,1 (0.002)
A*02:01:42a,R,1 (0.002)
A*02:03:01G,C,298 (0.569)
A*02:05:01G,C,32 (0.061)
A*02:06:01G,C,4447 (8.486)
A*02:07:01G,C,1764 (3.366)
A*02:10:01G,C,166 (0.317)
A*02:36,WD,3 (0.006)
A*02:41a,R,2 (0.004)
A*02:42:01,R,1 (0.002)
A*02:53 N,C,9 (0.017)
A*02:61a,R,1 (0.002)
A*02:86:01a,WD,1 (0.002)
A*02:108a,R,1 (0.002)
A*02:251a,R,1 (0.002)
A*02:409a,R,2 (0.004)
A*03:01:01G,C,797 (1.521)
A*03:02:01G,C,120 (0.229)
A*03:08:01Ga,WD,1 (0.002)
A*11:01:01G,C,5319 (10.150)
A*11:01:05a,R,11 (0.021)
A*11:01:33a,R,1 (0.002)
A*11:02:01G,C,123 (0.235)
A*11:03:01Ga,WD,1 (0.002)
A*11:19,WD,-
A*11:20a,R,3 (0.006)
A*11:35,R,-
A*23:01:01G,C,6 (0.011)
A*24:02:01G,C,"11,957 (22.817)"
A*24:03:01G,C,18 (0.034)
A*24:04,WD,1 (0.002)
A*24:07:01a,C,1 (0.002)
A*24:08,WD,38 (0.073)
A*24:10:01,C,1 (0.002)
A*24:20:01,C,103
A*24:28,R,-
A*24:43a,WD,1
A*24:53a,WD,1
A*25:01:01G,C,1
A*26:01:01G,C,1922
a*26:01:02,R,4
A*26:02:01G,WD,1142
A*26:03:01,C,457
A*26:05,R,5
A*26:10,R,16
A*26:18,WD,8
A*26:20,WD,3
A*26:32a,R,1
A*26:58,R,5
A*26:36a,R,1
A*26:58,R,5
A*29:01:01G,C,381
A*29:02:01G,C,3
A*30:01:01G,C,1611
A*30:02:01,C,2
A*30:04:01G,C,706
A*31:01:02G,C,2693
A*31:11,WD,11
A*32:01:01,C,344
A*33:01:01Ga,C,1
A*33:03:01,C,8494
A*33:81a,R,1
A*34:01:01,C,1
A*68:01:01G,C,8
A*68:01:02Ga,C,90
A*68:02:01Ga,C,1
A*69:01,C,-
A*02:149,N,1
A*26V,N,1
A*31:01,N,1
B*07:02:01G,C,1930 (3.683)
B*07:02:33a,R,4 (0.008)
B*07:05:01G,C,384 (0.733)
B*07:43,WD,4 (0.008)
B*08:01:01G,C,156 (0.298)
B*13:01:01G,C,1016 (1.939)
B*13:02:01G,C,1591 (3.036)
B*14:01:01G,C,680 (1.298)
B*15:01:01G,C,4720 (9.007)
B*15:01:04a,R,1 (0.002)
B*15:02:01G,C,146 (0.279)
B*15:03:01Ga,C,3 (0.006)
B*15:07:01G,C,610 (1.164)
B*15:10:01Ga,C,1 (0.002)
B*15:11:01G,C,913 (1.742)
B*15:12:01Ga,C,2 (0.004)
B*15:13:01a,C,1 (0.002)
B*15:17:01G,C,27 (0.052)
B*15:18:01G,C,655 (1.250)
B*15:25:01G,C,16 (0.031)
B*15:27:01,WD,124 (0.237)
B*15:28:01Ga,WD,2 (0.004)
B*15:29,WD,-
B*15:32:01a,C,1 (0.002)
B*15:35,C,8 (0.015)
B*15:38:01,WD,92 (0.176)
B*15:58a,WD,3 (0.006)
B*15:68,R,-
B*15:78:01a,R,1 (0.002)
B*15:174a,R,1 (0.002)
B*18:01:01G,C,5 (0.010)
B*27:04:01G,C,89 (0.170)
B*27:05:01G,C,1 (0.002)
B*27:05:02Ga,C,1370 (2.614)
B*27:07:01Ga,C,2 (0.004)
B*27:20,WD,12 (0.023)
B*27:24,WD,-
B*35:01:01G,C,3077 (5.872)
B*35:02:01G,C,2
B*35:03:01G,C,197
B*35:05:01Ga,C,1
B*35:08:01G,C,5
B*35:30a,WD,1
B*35:31a,WD,2
B*35:64,R,-
B*37:01:01G,C,766
B*37:05,R,2
B*38:01:01G,C,49
B*38:02:01G,C,493
B*39:01:01G,C,636
B*39:02:01,WD,#VALUE!
B*39:04,WD,16
B*39:05:01G,C,8
B*39:24:01a,C,2
B*40:01:01G,C,2110
B*40:01:24a,R,1
B*40:02:01Ga,C,2317
B*40:03:01G,WD,381
B*40:06:01G,C,1949
B*40:21,R,1
B*40:47a,R,3
B*40:49a,R,1
B*40:155a,R,1
B*44:02:01G,C,784
B*44:03:01G,C,3023
B*44:03:02Ga,C,1641
B*44:05:01a,C,1
B*45:01:01Ga,C,3
B*46:01:01G,C,2425
B*46:29a,R,1
B*47:01:01G,C,80
B*48:01:01G,C,1868
B*48:11a,R,1
B*49:01:01G,C,8
B*50:01:01G,C,65
B*51:01:01G,C,4938
B*51:02:01G,C,263
B*51:06:01,C,9
B*51:37a,R,2
B*52:01:01G,C,1546
B*52:01:05a,R,1 (0.002)
B*52:29a,R,1 (0.002)
B*54:01:01G,C,3168 (6.045)
B*55:01:01G,C,31 (0.059)
B*55:02:01G,C,880 (1.679)
B*55:04,WD,47 (0.090)
B*55:07,WD,29 (0.055)
B*56:01:01G,C,200 (0.382)
B*56:03a,WD,1 (0.002)
B*56:04:01,WD,5 (0.010)
B*56:05:01,R,3 (0.006)
B*56:05:02a,R,4 (0.008)
B*57:01:01G,C,144 (0.275)
B*58:01:01G,C,3255 (6.211)
B*58:26a,R,2 (0.004)
B*59:01:01G,C,856 (1.633)
B*67:01:01,C,373 (0.712)
B*67:01:02Ga,R,137 (0.261)
B*81:01:01G,C,7 (0.013)
B*07:02 V,N,1 (0.002)
B*15:01 V,N,1 (0.002)
B*40:06 V,N,1 (0.002)
B*46:01 V,N,1 (0.002)
B*51 V,N,1 (0.002)
B*54 V,N,1 (0.002)
B*54:01 V,N,1 (0.002)
B*58:01 V,N,1 (0.002)
DRB1*01:01:01G,C,3221
DRB1*01:02:01G,C,5
DRB1*01:19a,R,2
DRB1*03:01:01G,C,1103
DRB1*03:02:01Ga,C,1
DRB1*04:01:01G,C,300
DRB1*04:02:01Ga,C,3
DRB1*04:03:01G,C,1581
DRB1*04:04:01G,C,705
DRB1*04:05:01G,C,4257
DRB1*04:06:01G,C,2605
DRB1*04:07:01G,C,261
DRB1*04:08:01G,C,54
DRB1*04:10:01G,C,535
DRB1*04:22a,WD,1
DRB1*04:51a,WD,5
DRB1*04:89a,R,1
DRB1*07:01:01G,C,4220
DRB1*08:01:01G,C,28
DRB1*08:02:01G,C,1145
DRB1*08:03:01G,C,1
DRB1*08:03:02Ga,C,3935
DRB1*08:04:01Ga,C,3
DRB1*08:09,WD,2
DRB1*09:01:01G,C,2
DRB1*09:01:02Ga,C,5180
DRB1*09:04a,WD,3
DRB1*09:08,R,2
DRB1*10:01:01G,C,835
DRB1*11:01:01G,C,2206
DRB1*11:03:01G,C,15
DRB1*11:04:01G,C,13
DRB1*11:06:01G,C,53
DRB1*11:08:01G,WD,2
DRB1*11:11:01G,C,8
DRB1*11:24:01Ga,WD,1
DRB1*11:96a,R,1
DRB1*12:01:01G,C,2432
DRB1*12:02:01G,C,1547
DRB1*12:03:03,R,1
DRB1*12:05,WD,7
DRB1*12:08a,R,1
DRB1*12:16:02a,R,1 (0.002)
DRB1*13:01:01G,C,864 (1.649)
DRB1*13:02:01G,C,4762 (9.087)
DRB1*13:07:01,WD,22 (0.042)
DRB1*13:39,WD,15 (0.029)
DRB1*14:01:01Ga,C,1 (0.002)
DRB1*14:02:01G,C,25 (0.048)
DRB1*14:03:01G,C,537 (1.025)
DRB1*14:04:01G,C,35 (0.067)
DRB1*14:05:01G,C,1484 (2.832)
DRB1*14:06:01G,C,332 (0.634)
DRB1*14:07:01G,C,142 (0.271)
DRB1*14:10,WD,11 (0.021)
DRB1*14:12:01G,WD,53 (0.101)
DRB1*14:38:01a,R,1 (0.002)
DRB1*14:44,R,-
DRB1*14:54b,C,1411 (2.693)
DRB1*14:98a,R,1 (0.002)
DRB1*14:127:01a,R,1 (0.002)
DRB1*14:136,R,-
DRB1*14:167a,R,1 (0.002)
DRB1*15:01:01G,C,4062 (7.751)
DRB1*15:02:01G,C,1821 (3.475)
DRB1*15:02:02Ga,C,8 (0.015)
DRB1*15:04a,C,1 (0.002)
DRB1*15:06:01a,C,2 (0.004)
DRB1*16:02:01G,C,526 (1.004)
DRB1*04:05 V,N,1 (0.002)
DRB1*04:06 V,N,1 (0.002)